[
{
  "model": "core.servicecontact",
  "pk": 1,
  "fields": {
    "sort_order": 0,
    "page": 6,
    "contact": 1
  }
},
{
  "model": "core.servicecontact",
  "pk": 2,
  "fields": {
    "sort_order": 1,
    "page": 6,
    "contact": 2
  }
},
{
  "model": "core.personcontact",
  "pk": 1,
  "fields": {
    "sort_order": 0,
    "page": 15,
    "contact": 2
  }
},
{
  "model": "core.contactdetail",
  "pk": 1,
  "fields": {
    "value": "012 345 1244",
    "type": [
      "phone"
    ],
    "annotation": "Landline",
    "purpose": "Water and sanitation office line"
  }
},
{
  "model": "core.contactdetail",
  "pk": 2,
  "fields": {
    "value": "1 Dirkie Uys",
    "type": [
      "physical_address"
    ],
    "annotation": null,
    "purpose": "main office"
  }
},
{
  "model": "core.politicalparty",
  "pk": 1,
  "fields": {
    "name": "African National Congress",
    "abbreviation": "ANC",
    "logo_image": 1
  }
},
{
  "model": "core.politicalparty",
  "pk": 2,
  "fields": {
    "name": "Democratic Alliance",
    "abbreviation": "DA",
    "logo_image": 2
  }
},
{
  "model": "auth.group",
  "pk": 1,
  "fields": {
    "name": "Moderators",
    "permissions": [
      [
        "access_admin",
        "wagtailadmin",
        "admin"
      ],
      [
        "add_document",
        "wagtaildocs",
        "document"
      ],
      [
        "change_document",
        "wagtaildocs",
        "document"
      ],
      [
        "delete_document",
        "wagtaildocs",
        "document"
      ],
      [
        "add_image",
        "wagtailimages",
        "image"
      ],
      [
        "change_image",
        "wagtailimages",
        "image"
      ],
      [
        "delete_image",
        "wagtailimages",
        "image"
      ]
    ]
  }
},
{
  "model": "auth.group",
  "pk": 2,
  "fields": {
    "name": "Editors",
    "permissions": [
      [
        "access_admin",
        "wagtailadmin",
        "admin"
      ],
      [
        "add_document",
        "wagtaildocs",
        "document"
      ],
      [
        "change_document",
        "wagtaildocs",
        "document"
      ],
      [
        "delete_document",
        "wagtaildocs",
        "document"
      ],
      [
        "add_image",
        "wagtailimages",
        "image"
      ],
      [
        "change_image",
        "wagtailimages",
        "image"
      ],
      [
        "delete_image",
        "wagtailimages",
        "image"
      ]
    ]
  }
},
{
  "model": "auth.user",
  "pk": 1,
  "fields": {
    "password": "pbkdf2_sha256$150000$VsRUSXgD3VvW$HRwU6P4Yu7XNQJJ0lLss7VjfQe8BarA1O2z0XJSJhFU=",
    "last_login": "2020-10-22T12:11:06.516Z",
    "is_superuser": true,
    "username": "admin",
    "first_name": "",
    "last_name": "",
    "email": "admin@localhost",
    "is_staff": true,
    "is_active": true,
    "date_joined": "2020-10-22T12:05:10.061Z",
    "groups": [],
    "user_permissions": []
  }
},
{
  "model": "wagtailimages.image",
  "pk": 1,
  "fields": {
    "collection": 1,
    "title": "ANC logo",
    "file": "original_images/149px-African_National_Congress_logo.svg.png",
    "width": 149,
    "height": 208,
    "created_at": "2020-10-22T10:40:15.299Z",
    "uploaded_by_user": [
      "admin"
    ],
    "focal_point_x": null,
    "focal_point_y": null,
    "focal_point_width": null,
    "focal_point_height": null,
    "file_size": 15014,
    "file_hash": "09f91d58ef082f0e0e764519789fa726ed11ef24"
  }
},
{
  "model": "wagtailimages.image",
  "pk": 2,
  "fields": {
    "collection": 1,
    "title": "DA logo",
    "file": "original_images/74px-Democratic_Alliance_SA_logo.svg.png",
    "width": 74,
    "height": 113,
    "created_at": "2020-10-22T10:41:20.827Z",
    "uploaded_by_user": [
      "admin"
    ],
    "focal_point_x": null,
    "focal_point_y": null,
    "focal_point_width": null,
    "focal_point_height": null,
    "file_size": 7306,
    "file_hash": "f9a9d48556245614b9c8adcc31aff4988c02078f"
  }
},
{
  "model": "wagtailimages.image",
  "pk": 4,
  "fields": {
    "collection": 1,
    "title": "\"Street Portrait: Stranger at Pudu\" by Johnragai-Moment Catcher is licensed under CC BY 2.0",
    "file": "original_images/11280540133_2ed3cb652d_b.jpg",
    "width": 768,
    "height": 1024,
    "created_at": "2020-10-22T15:53:40.387Z",
    "uploaded_by_user": [
      "admin"
    ],
    "focal_point_x": null,
    "focal_point_y": null,
    "focal_point_width": null,
    "focal_point_height": null,
    "file_size": 158902,
    "file_hash": "cc45253bf33237822980569db1001259d2540bc7"
  }
},
{
  "model": "wagtailimages.image",
  "pk": 5,
  "fields": {
    "collection": 1,
    "title": "\"Portrait of my sister\" by Robby Schulze is licensed under CC BY 2.0",
    "file": "original_images/8791363560_13a1732de7_b.jpg",
    "width": 683,
    "height": 1024,
    "created_at": "2020-10-22T15:54:17.807Z",
    "uploaded_by_user": [
      "admin"
    ],
    "focal_point_x": null,
    "focal_point_y": null,
    "focal_point_width": null,
    "focal_point_height": null,
    "file_size": 96223,
    "file_hash": "80f4f4bdd282f22b76854166883ba02dde3ed8d0"
  }
},
{
  "model": "wagtailcore.site",
  "pk": 1,
  "fields": {
    "hostname": "localhost",
    "port": 8080,
    "site_name": "Cape Agulhas Municipality",
    "root_page": 2,
    "is_default_site": true
  }
},
{
  "model": "wagtailcore.page",
  "pk": 1,
  "fields": {
    "path": "0001",
    "depth": 1,
    "numchild": 1,
    "title": "Root",
    "draft_title": "Root",
    "slug": "root",
    "content_type": [
      "wagtailcore",
      "page"
    ],
    "live": true,
    "has_unpublished_changes": false,
    "url_path": "/",
    "owner": null,
    "seo_title": "",
    "show_in_menus": false,
    "search_description": "",
    "go_live_at": null,
    "expire_at": null,
    "expired": false,
    "locked": false,
    "locked_at": null,
    "locked_by": null,
    "first_published_at": null,
    "last_published_at": null,
    "latest_revision_created_at": null,
    "live_revision": null
  }
},
{
  "model": "wagtailcore.page",
  "pk": 2,
  "fields": {
    "path": "00010002",
    "depth": 2,
    "numchild": 2,
    "title": "Cape Agulhas Municipality",
    "draft_title": "Cape Agulhas Municipality",
    "slug": "cape-agulhas-municipality",
    "content_type": [
      "core",
      "homepage"
    ],
    "live": true,
    "has_unpublished_changes": false,
    "url_path": "/cape-agulhas-municipality/",
    "owner": [
      "admin"
    ],
    "seo_title": "",
    "show_in_menus": false,
    "search_description": "",
    "go_live_at": null,
    "expire_at": null,
    "expired": false,
    "locked": false,
    "locked_at": null,
    "locked_by": null,
    "first_published_at": "2020-10-06T17:38:50.182Z",
    "last_published_at": "2020-10-06T17:38:50.182Z",
    "latest_revision_created_at": "2020-10-06T17:38:50.171Z",
    "live_revision": 1
  }
},
{
  "model": "wagtailcore.page",
  "pk": 4,
  "fields": {
    "path": "000100020001",
    "depth": 3,
    "numchild": 2,
    "title": "Services",
    "draft_title": "Services",
    "slug": "services",
    "content_type": [
      "core",
      "servicesindexpage"
    ],
    "live": true,
    "has_unpublished_changes": false,
    "url_path": "/cape-agulhas-municipality/services/",
    "owner": [
      "admin"
    ],
    "seo_title": "",
    "show_in_menus": false,
    "search_description": "",
    "go_live_at": null,
    "expire_at": null,
    "expired": false,
    "locked": false,
    "locked_at": null,
    "locked_by": null,
    "first_published_at": "2020-10-06T17:45:44.931Z",
    "last_published_at": "2020-10-06T17:45:44.931Z",
    "latest_revision_created_at": "2020-10-06T17:45:44.921Z",
    "live_revision": 2
  }
},
{
  "model": "wagtailcore.page",
  "pk": 5,
  "fields": {
    "path": "0001000200010001",
    "depth": 4,
    "numchild": 0,
    "title": "Electrical services",
    "draft_title": "Electrical services",
    "slug": "electrical-services",
    "content_type": [
      "core",
      "servicepage"
    ],
    "live": true,
    "has_unpublished_changes": false,
    "url_path": "/cape-agulhas-municipality/services/electrical-services/",
    "owner": [
      "admin"
    ],
    "seo_title": "",
    "show_in_menus": false,
    "search_description": "",
    "go_live_at": null,
    "expire_at": null,
    "expired": false,
    "locked": false,
    "locked_at": null,
    "locked_by": null,
    "first_published_at": "2020-10-06T17:48:07.823Z",
    "last_published_at": "2020-10-06T17:48:07.823Z",
    "latest_revision_created_at": "2020-10-06T17:48:07.813Z",
    "live_revision": 3
  }
},
{
  "model": "wagtailcore.page",
  "pk": 6,
  "fields": {
    "path": "0001000200010002",
    "depth": 4,
    "numchild": 0,
    "title": "Water and sanitation",
    "draft_title": "Water and sanitation",
    "slug": "water-and-sanitation",
    "content_type": [
      "core",
      "servicepage"
    ],
    "live": true,
    "has_unpublished_changes": false,
    "url_path": "/cape-agulhas-municipality/services/water-and-sanitation/",
    "owner": [
      "admin"
    ],
    "seo_title": "",
    "show_in_menus": false,
    "search_description": "",
    "go_live_at": null,
    "expire_at": null,
    "expired": false,
    "locked": false,
    "locked_at": null,
    "locked_by": null,
    "first_published_at": "2020-10-06T17:48:46.915Z",
    "last_published_at": "2020-10-10T17:23:49.498Z",
    "latest_revision_created_at": "2020-10-10T17:23:49.475Z",
    "live_revision": 5
  }
},
{
  "model": "wagtailcore.page",
  "pk": 7,
  "fields": {
    "path": "000100020002",
    "depth": 3,
    "numchild": 2,
    "title": "My Muni",
    "draft_title": "My Muni",
    "slug": "my-municipality",
    "content_type": [
      "core",
      "mymunipage"
    ],
    "live": true,
    "has_unpublished_changes": false,
    "url_path": "/cape-agulhas-municipality/my-municipality/",
    "owner": [
      "admin"
    ],
    "seo_title": "",
    "show_in_menus": false,
    "search_description": "",
    "go_live_at": null,
    "expire_at": null,
    "expired": false,
    "locked": false,
    "locked_at": null,
    "locked_by": null,
    "first_published_at": "2020-10-19T16:11:43.257Z",
    "last_published_at": "2020-10-22T11:54:23.124Z",
    "latest_revision_created_at": "2020-10-22T11:54:23.111Z",
    "live_revision": 24
  }
},
{
  "model": "wagtailcore.page",
  "pk": 8,
  "fields": {
    "path": "0001000200020001",
    "depth": 4,
    "numchild": 2,
    "title": "Administration",
    "draft_title": "Administration",
    "slug": "administration",
    "content_type": [
      "core",
      "administrationindexpage"
    ],
    "live": true,
    "has_unpublished_changes": false,
    "url_path": "/cape-agulhas-municipality/my-municipality/administration/",
    "owner": [
      "admin"
    ],
    "seo_title": "",
    "show_in_menus": false,
    "search_description": "",
    "go_live_at": null,
    "expire_at": null,
    "expired": false,
    "locked": false,
    "locked_at": null,
    "locked_by": null,
    "first_published_at": "2020-10-19T16:13:03.981Z",
    "last_published_at": "2020-10-19T16:13:03.981Z",
    "latest_revision_created_at": "2020-10-19T16:13:03.971Z",
    "live_revision": 8
  }
},
{
  "model": "wagtailcore.page",
  "pk": 9,
  "fields": {
    "path": "0001000200020002",
    "depth": 4,
    "numchild": 3,
    "title": "Political representatives",
    "draft_title": "Political representatives",
    "slug": "political-representatives",
    "content_type": [
      "core",
      "politicalrepsindexpage"
    ],
    "live": true,
    "has_unpublished_changes": false,
    "url_path": "/cape-agulhas-municipality/my-municipality/political-representatives/",
    "owner": [
      "admin"
    ],
    "seo_title": "",
    "show_in_menus": false,
    "search_description": "",
    "go_live_at": null,
    "expire_at": null,
    "expired": false,
    "locked": false,
    "locked_at": null,
    "locked_by": null,
    "first_published_at": "2020-10-19T16:13:25.372Z",
    "last_published_at": "2020-10-19T16:13:25.372Z",
    "latest_revision_created_at": "2020-10-19T16:13:25.363Z",
    "live_revision": 9
  }
},
{
  "model": "wagtailcore.page",
  "pk": 10,
  "fields": {
    "path": "00010002000200010001",
    "depth": 5,
    "numchild": 0,
    "title": "Fred Bloggs",
    "draft_title": "Fred Bloggs",
    "slug": "fred-bloggs",
    "content_type": [
      "core",
      "administratorpage"
    ],
    "live": true,
    "has_unpublished_changes": false,
    "url_path": "/cape-agulhas-municipality/my-municipality/administration/fred-bloggs/",
    "owner": [
      "admin"
    ],
    "seo_title": "",
    "show_in_menus": false,
    "search_description": "",
    "go_live_at": null,
    "expire_at": null,
    "expired": false,
    "locked": false,
    "locked_at": null,
    "locked_by": null,
    "first_published_at": "2020-10-19T16:14:00.515Z",
    "last_published_at": "2020-10-19T16:14:00.515Z",
    "latest_revision_created_at": "2020-10-19T16:14:00.505Z",
    "live_revision": 10
  }
},
{
  "model": "wagtailcore.page",
  "pk": 11,
  "fields": {
    "path": "00010002000200010002",
    "depth": 5,
    "numchild": 0,
    "title": "Peter Jane",
    "draft_title": "Peter Jane",
    "slug": "peter-jane",
    "content_type": [
      "core",
      "administratorpage"
    ],
    "live": true,
    "has_unpublished_changes": false,
    "url_path": "/cape-agulhas-municipality/my-municipality/administration/peter-jane/",
    "owner": [
      "admin"
    ],
    "seo_title": "",
    "show_in_menus": false,
    "search_description": "",
    "go_live_at": null,
    "expire_at": null,
    "expired": false,
    "locked": false,
    "locked_at": null,
    "locked_by": null,
    "first_published_at": "2020-10-19T16:14:16.532Z",
    "last_published_at": "2020-10-19T16:14:16.532Z",
    "latest_revision_created_at": "2020-10-19T16:14:16.522Z",
    "live_revision": 11
  }
},
{
  "model": "wagtailcore.page",
  "pk": 12,
  "fields": {
    "path": "00010002000200020001",
    "depth": 5,
    "numchild": 0,
    "title": "Mayor",
    "draft_title": "Mayor",
    "slug": "mayor",
    "content_type": [
      "core",
      "councillorgrouppage"
    ],
    "live": true,
    "has_unpublished_changes": false,
    "url_path": "/cape-agulhas-municipality/my-municipality/political-representatives/mayor/",
    "owner": [
      "admin"
    ],
    "seo_title": "",
    "show_in_menus": false,
    "search_description": "",
    "go_live_at": null,
    "expire_at": null,
    "expired": false,
    "locked": false,
    "locked_at": null,
    "locked_by": null,
    "first_published_at": "2020-10-19T16:14:35.593Z",
    "last_published_at": "2020-10-19T16:14:35.593Z",
    "latest_revision_created_at": "2020-10-19T16:14:35.583Z",
    "live_revision": 12
  }
},
{
  "model": "wagtailcore.page",
  "pk": 13,
  "fields": {
    "path": "00010002000200020002",
    "depth": 5,
    "numchild": 0,
    "title": "Some committee",
    "draft_title": "Some committee",
    "slug": "some-committee",
    "content_type": [
      "core",
      "councillorgrouppage"
    ],
    "live": true,
    "has_unpublished_changes": false,
    "url_path": "/cape-agulhas-municipality/my-municipality/political-representatives/some-committee/",
    "owner": [
      "admin"
    ],
    "seo_title": "",
    "show_in_menus": false,
    "search_description": "",
    "go_live_at": null,
    "expire_at": null,
    "expired": false,
    "locked": false,
    "locked_at": null,
    "locked_by": null,
    "first_published_at": "2020-10-19T16:15:10.417Z",
    "last_published_at": "2020-10-19T16:15:10.417Z",
    "latest_revision_created_at": "2020-10-19T16:15:10.406Z",
    "live_revision": 13
  }
},
{
  "model": "wagtailcore.page",
  "pk": 14,
  "fields": {
    "path": "00010002000200020003",
    "depth": 5,
    "numchild": 2,
    "title": "Councillors",
    "draft_title": "Councillors",
    "slug": "councillors",
    "content_type": [
      "core",
      "councillorlistpage"
    ],
    "live": true,
    "has_unpublished_changes": false,
    "url_path": "/cape-agulhas-municipality/my-municipality/political-representatives/councillors/",
    "owner": [
      "admin"
    ],
    "seo_title": "",
    "show_in_menus": false,
    "search_description": "",
    "go_live_at": null,
    "expire_at": null,
    "expired": false,
    "locked": false,
    "locked_at": null,
    "locked_by": null,
    "first_published_at": "2020-10-19T16:15:28.284Z",
    "last_published_at": "2020-10-19T16:15:28.284Z",
    "latest_revision_created_at": "2020-10-19T16:15:28.270Z",
    "live_revision": 14
  }
},
{
  "model": "wagtailcore.page",
  "pk": 15,
  "fields": {
    "path": "000100020002000200030001",
    "depth": 6,
    "numchild": 0,
    "title": "Charles Jennings",
    "draft_title": "Charles Jennings",
    "slug": "mr-busy-guy",
    "content_type": [
      "core",
      "councillorpage"
    ],
    "live": true,
    "has_unpublished_changes": false,
    "url_path": "/cape-agulhas-municipality/my-municipality/political-representatives/councillors/mr-busy-guy/",
    "owner": [
      "admin"
    ],
    "seo_title": "",
    "show_in_menus": false,
    "search_description": "",
    "go_live_at": null,
    "expire_at": null,
    "expired": false,
    "locked": false,
    "locked_at": null,
    "locked_by": null,
    "first_published_at": "2020-10-19T16:27:39.827Z",
    "last_published_at": "2020-10-22T15:53:45.065Z",
    "latest_revision_created_at": "2020-10-22T15:53:45.045Z",
    "live_revision": 26
  }
},
{
  "model": "wagtailcore.page",
  "pk": 16,
  "fields": {
    "path": "000100020002000200030002",
    "depth": 6,
    "numchild": 0,
    "title": "Eloise Brooks",
    "draft_title": "Eloise Brooks",
    "slug": "ms-also-busy",
    "content_type": [
      "core",
      "councillorpage"
    ],
    "live": true,
    "has_unpublished_changes": false,
    "url_path": "/cape-agulhas-municipality/my-municipality/political-representatives/councillors/ms-also-busy/",
    "owner": [
      "admin"
    ],
    "seo_title": "",
    "show_in_menus": false,
    "search_description": "",
    "go_live_at": null,
    "expire_at": null,
    "expired": false,
    "locked": false,
    "locked_at": null,
    "locked_by": null,
    "first_published_at": "2020-10-19T16:28:01.611Z",
    "last_published_at": "2020-10-22T15:54:24.411Z",
    "latest_revision_created_at": "2020-10-22T15:54:24.395Z",
    "live_revision": 27
  }
},
{
  "model": "wagtailcore.pagerevision",
  "pk": 1,
  "fields": {
    "page": 2,
    "submitted_for_moderation": false,
    "created_at": "2020-10-06T17:38:50.171Z",
    "user": [
      "admin"
    ],
    "content_json": "{\"pk\": 3, \"path\": \"000100010001\", \"depth\": 3, \"numchild\": 0, \"title\": \"Cape Agulhas Municipality\", \"draft_title\": \"Cape Agulhas Municipality\", \"slug\": \"cape-agulhas-municipality\", \"content_type\": 6, \"live\": true, \"has_unpublished_changes\": false, \"url_path\": \"/home/cape-agulhas-municipality/\", \"owner\": 1, \"seo_title\": \"\", \"show_in_menus\": false, \"search_description\": \"\", \"go_live_at\": null, \"expire_at\": null, \"expired\": false, \"locked\": false, \"locked_at\": null, \"locked_by\": null, \"first_published_at\": null, \"last_published_at\": null, \"latest_revision_created_at\": null, \"live_revision\": null}",
    "approved_go_live_at": null
  }
},
{
  "model": "wagtailcore.pagerevision",
  "pk": 2,
  "fields": {
    "page": 4,
    "submitted_for_moderation": false,
    "created_at": "2020-10-06T17:45:44.921Z",
    "user": [
      "admin"
    ],
    "content_json": "{\"pk\": 4, \"path\": \"000100020001\", \"depth\": 3, \"numchild\": 0, \"title\": \"Services\", \"draft_title\": \"Services\", \"slug\": \"services\", \"content_type\": 8, \"live\": true, \"has_unpublished_changes\": false, \"url_path\": \"/cape-agulhas-municipality/services/\", \"owner\": 1, \"seo_title\": \"\", \"show_in_menus\": false, \"search_description\": \"\", \"go_live_at\": null, \"expire_at\": null, \"expired\": false, \"locked\": false, \"locked_at\": null, \"locked_by\": null, \"first_published_at\": null, \"last_published_at\": null, \"latest_revision_created_at\": null, \"live_revision\": null}",
    "approved_go_live_at": null
  }
},
{
  "model": "wagtailcore.pagerevision",
  "pk": 3,
  "fields": {
    "page": 5,
    "submitted_for_moderation": false,
    "created_at": "2020-10-06T17:48:07.813Z",
    "user": [
      "admin"
    ],
    "content_json": "{\"pk\": 5, \"path\": \"0001000200010001\", \"depth\": 4, \"numchild\": 0, \"title\": \"Electrical services\", \"draft_title\": \"Electrical services\", \"slug\": \"electrical-services\", \"content_type\": 7, \"live\": true, \"has_unpublished_changes\": false, \"url_path\": \"/cape-agulhas-municipality/services/electrical-services/\", \"owner\": 1, \"seo_title\": \"\", \"show_in_menus\": false, \"search_description\": \"\", \"go_live_at\": null, \"expire_at\": null, \"expired\": false, \"locked\": false, \"locked_at\": null, \"locked_by\": null, \"first_published_at\": null, \"last_published_at\": null, \"latest_revision_created_at\": null, \"live_revision\": null, \"icon_classes\": \"fas fa-bolt\", \"overview\": \"<p>The Department is responsible for all electricity services, including electrical infrastructure development.</p><p>The Municipality provides electrical distribution and reticulation services and street lighting to all towns in its area of jurisdiction except Struisbaai North (part of Struisbaai), Protem, Klipdale, Kassiesbaai (part of Arniston) and Elim.</p>\"}",
    "approved_go_live_at": null
  }
},
{
  "model": "wagtailcore.pagerevision",
  "pk": 4,
  "fields": {
    "page": 6,
    "submitted_for_moderation": false,
    "created_at": "2020-10-06T17:48:46.906Z",
    "user": [
      "admin"
    ],
    "content_json": "{\"pk\": 6, \"path\": \"0001000200010002\", \"depth\": 4, \"numchild\": 0, \"title\": \"Water and sanitation\", \"draft_title\": \"Water and sanitation\", \"slug\": \"water-and-sanitation\", \"content_type\": 7, \"live\": true, \"has_unpublished_changes\": false, \"url_path\": \"/cape-agulhas-municipality/services/water-and-sanitation/\", \"owner\": 1, \"seo_title\": \"\", \"show_in_menus\": false, \"search_description\": \"\", \"go_live_at\": null, \"expire_at\": null, \"expired\": false, \"locked\": false, \"locked_at\": null, \"locked_by\": null, \"first_published_at\": null, \"last_published_at\": null, \"latest_revision_created_at\": null, \"live_revision\": null, \"icon_classes\": \"fas fa-tint\", \"overview\": \"<p>Ensuring our residents have access to clean water is our priority. Fresh water is a scarce resource in the Western Cape that is heavily dependent on rainfall. We all have a part to play in conserving water as much as possible.</p>\"}",
    "approved_go_live_at": null
  }
},
{
  "model": "wagtailcore.pagerevision",
  "pk": 5,
  "fields": {
    "page": 6,
    "submitted_for_moderation": false,
    "created_at": "2020-10-10T17:23:49.475Z",
    "user": [
      "admin"
    ],
    "content_json": "{\"pk\": 6, \"path\": \"0001000200010002\", \"depth\": 4, \"numchild\": 0, \"title\": \"Water and sanitation\", \"draft_title\": \"Water and sanitation\", \"slug\": \"water-and-sanitation\", \"content_type\": 7, \"live\": true, \"has_unpublished_changes\": false, \"url_path\": \"/cape-agulhas-municipality/services/water-and-sanitation/\", \"owner\": 1, \"seo_title\": \"\", \"show_in_menus\": false, \"search_description\": \"\", \"go_live_at\": null, \"expire_at\": null, \"expired\": false, \"locked\": false, \"locked_at\": null, \"locked_by\": null, \"first_published_at\": \"2020-10-06T17:48:46.915Z\", \"last_published_at\": \"2020-10-06T17:48:46.915Z\", \"latest_revision_created_at\": \"2020-10-06T17:48:46.906Z\", \"live_revision\": 4, \"icon_classes\": \"fas fa-tint\", \"overview\": \"<p>Ensuring our residents have access to clean water is our priority. Fresh water is a scarce resource in the Western Cape that is heavily dependent on rainfall. We all have a part to play in conserving water as much as possible.</p>\", \"service_contacts\": [{\"pk\": null, \"sort_order\": 0, \"page\": 6, \"contact\": 1}, {\"pk\": null, \"sort_order\": 1, \"page\": 6, \"contact\": 2}]}",
    "approved_go_live_at": null
  }
},
{
  "model": "wagtailcore.pagerevision",
  "pk": 6,
  "fields": {
    "page": 7,
    "submitted_for_moderation": false,
    "created_at": "2020-10-19T16:11:43.246Z",
    "user": [
      "admin"
    ],
    "content_json": "{\"pk\": 7, \"path\": \"000100020002\", \"depth\": 3, \"numchild\": 0, \"title\": \"My Muni\", \"draft_title\": \"My Muni\", \"slug\": \"my-muni\", \"content_type\": 42, \"live\": true, \"has_unpublished_changes\": false, \"url_path\": \"/cape-agulhas-municipality/my-muni/\", \"owner\": 1, \"seo_title\": \"\", \"show_in_menus\": false, \"search_description\": \"\", \"go_live_at\": null, \"expire_at\": null, \"expired\": false, \"locked\": false, \"locked_at\": null, \"locked_by\": null, \"first_published_at\": null, \"last_published_at\": null, \"latest_revision_created_at\": null, \"live_revision\": null}",
    "approved_go_live_at": null
  }
},
{
  "model": "wagtailcore.pagerevision",
  "pk": 7,
  "fields": {
    "page": 8,
    "submitted_for_moderation": false,
    "created_at": "2020-10-19T16:11:56.466Z",
    "user": [
      "admin"
    ],
    "content_json": "{\"pk\": 8, \"path\": \"0001000200020001\", \"depth\": 4, \"numchild\": 0, \"title\": \"Administration\", \"draft_title\": \"Administration\", \"slug\": \"administration\", \"content_type\": 49, \"live\": false, \"has_unpublished_changes\": false, \"url_path\": \"/cape-agulhas-municipality/my-muni/administration/\", \"owner\": 1, \"seo_title\": \"\", \"show_in_menus\": false, \"search_description\": \"\", \"go_live_at\": null, \"expire_at\": null, \"expired\": false, \"locked\": false, \"locked_at\": null, \"locked_by\": null, \"first_published_at\": null, \"last_published_at\": null, \"latest_revision_created_at\": null, \"live_revision\": null}",
    "approved_go_live_at": null
  }
},
{
  "model": "wagtailcore.pagerevision",
  "pk": 8,
  "fields": {
    "page": 8,
    "submitted_for_moderation": false,
    "created_at": "2020-10-19T16:13:03.971Z",
    "user": [
      "admin"
    ],
    "content_json": "{\"pk\": 8, \"path\": \"0001000200020001\", \"depth\": 4, \"numchild\": 0, \"title\": \"Administration\", \"draft_title\": \"Administration\", \"slug\": \"administration\", \"content_type\": 49, \"live\": false, \"has_unpublished_changes\": true, \"url_path\": \"/cape-agulhas-municipality/my-muni/administration/\", \"owner\": 1, \"seo_title\": \"\", \"show_in_menus\": false, \"search_description\": \"\", \"go_live_at\": null, \"expire_at\": null, \"expired\": false, \"locked\": false, \"locked_at\": null, \"locked_by\": null, \"first_published_at\": null, \"last_published_at\": null, \"latest_revision_created_at\": \"2020-10-19T16:11:56.466Z\", \"live_revision\": null, \"overview\": \"<p>This is the amdinistration.</p>\"}",
    "approved_go_live_at": null
  }
},
{
  "model": "wagtailcore.pagerevision",
  "pk": 9,
  "fields": {
    "page": 9,
    "submitted_for_moderation": false,
    "created_at": "2020-10-19T16:13:25.363Z",
    "user": [
      "admin"
    ],
    "content_json": "{\"pk\": 9, \"path\": \"0001000200020002\", \"depth\": 4, \"numchild\": 0, \"title\": \"Political representatives\", \"draft_title\": \"Political representatives\", \"slug\": \"political-representatives\", \"content_type\": 46, \"live\": true, \"has_unpublished_changes\": false, \"url_path\": \"/cape-agulhas-municipality/my-muni/political-representatives/\", \"owner\": 1, \"seo_title\": \"\", \"show_in_menus\": false, \"search_description\": \"\", \"go_live_at\": null, \"expire_at\": null, \"expired\": false, \"locked\": false, \"locked_at\": null, \"locked_by\": null, \"first_published_at\": null, \"last_published_at\": null, \"latest_revision_created_at\": null, \"live_revision\": null, \"overview\": \"<p>These are political reps</p>\"}",
    "approved_go_live_at": null
  }
},
{
  "model": "wagtailcore.pagerevision",
  "pk": 10,
  "fields": {
    "page": 10,
    "submitted_for_moderation": false,
    "created_at": "2020-10-19T16:14:00.505Z",
    "user": [
      "admin"
    ],
    "content_json": "{\"pk\": 10, \"path\": \"00010002000200010001\", \"depth\": 5, \"numchild\": 0, \"title\": \"Fred Bloggs\", \"draft_title\": \"Fred Bloggs\", \"slug\": \"fred-bloggs\", \"content_type\": 50, \"live\": true, \"has_unpublished_changes\": false, \"url_path\": \"/cape-agulhas-municipality/my-muni/administration/fred-bloggs/\", \"owner\": 1, \"seo_title\": \"\", \"show_in_menus\": false, \"search_description\": \"\", \"go_live_at\": null, \"expire_at\": null, \"expired\": false, \"locked\": false, \"locked_at\": null, \"locked_by\": null, \"first_published_at\": null, \"last_published_at\": null, \"latest_revision_created_at\": null, \"live_revision\": null, \"overview\": \"<p>Fred is nice</p>\", \"person_contacts\": []}",
    "approved_go_live_at": null
  }
},
{
  "model": "wagtailcore.pagerevision",
  "pk": 11,
  "fields": {
    "page": 11,
    "submitted_for_moderation": false,
    "created_at": "2020-10-19T16:14:16.522Z",
    "user": [
      "admin"
    ],
    "content_json": "{\"pk\": 11, \"path\": \"00010002000200010002\", \"depth\": 5, \"numchild\": 0, \"title\": \"Peter Jane\", \"draft_title\": \"Peter Jane\", \"slug\": \"peter-jane\", \"content_type\": 50, \"live\": true, \"has_unpublished_changes\": false, \"url_path\": \"/cape-agulhas-municipality/my-muni/administration/peter-jane/\", \"owner\": 1, \"seo_title\": \"\", \"show_in_menus\": false, \"search_description\": \"\", \"go_live_at\": null, \"expire_at\": null, \"expired\": false, \"locked\": false, \"locked_at\": null, \"locked_by\": null, \"first_published_at\": null, \"last_published_at\": null, \"latest_revision_created_at\": null, \"live_revision\": null, \"overview\": \"<p>Peteris also nice</p>\", \"person_contacts\": []}",
    "approved_go_live_at": null
  }
},
{
  "model": "wagtailcore.pagerevision",
  "pk": 12,
  "fields": {
    "page": 12,
    "submitted_for_moderation": false,
    "created_at": "2020-10-19T16:14:35.583Z",
    "user": [
      "admin"
    ],
    "content_json": "{\"pk\": 12, \"path\": \"00010002000200020001\", \"depth\": 5, \"numchild\": 0, \"title\": \"Mayor\", \"draft_title\": \"Mayor\", \"slug\": \"mayor\", \"content_type\": 43, \"live\": true, \"has_unpublished_changes\": false, \"url_path\": \"/cape-agulhas-municipality/my-muni/political-representatives/mayor/\", \"owner\": 1, \"seo_title\": \"\", \"show_in_menus\": false, \"search_description\": \"\", \"go_live_at\": null, \"expire_at\": null, \"expired\": false, \"locked\": false, \"locked_at\": null, \"locked_by\": null, \"first_published_at\": null, \"last_published_at\": null, \"latest_revision_created_at\": null, \"live_revision\": null, \"overview\": \"<p>The mayor is cool</p>\"}",
    "approved_go_live_at": null
  }
},
{
  "model": "wagtailcore.pagerevision",
  "pk": 13,
  "fields": {
    "page": 13,
    "submitted_for_moderation": false,
    "created_at": "2020-10-19T16:15:10.406Z",
    "user": [
      "admin"
    ],
    "content_json": "{\"pk\": 13, \"path\": \"00010002000200020002\", \"depth\": 5, \"numchild\": 0, \"title\": \"Some committee\", \"draft_title\": \"Some committee\", \"slug\": \"some-committee\", \"content_type\": 43, \"live\": true, \"has_unpublished_changes\": false, \"url_path\": \"/cape-agulhas-municipality/my-muni/political-representatives/some-committee/\", \"owner\": 1, \"seo_title\": \"\", \"show_in_menus\": false, \"search_description\": \"\", \"go_live_at\": null, \"expire_at\": null, \"expired\": false, \"locked\": false, \"locked_at\": null, \"locked_by\": null, \"first_published_at\": null, \"last_published_at\": null, \"latest_revision_created_at\": null, \"live_revision\": null, \"overview\": \"<p>There is this committee ne</p>\"}",
    "approved_go_live_at": null
  }
},
{
  "model": "wagtailcore.pagerevision",
  "pk": 14,
  "fields": {
    "page": 14,
    "submitted_for_moderation": false,
    "created_at": "2020-10-19T16:15:28.270Z",
    "user": [
      "admin"
    ],
    "content_json": "{\"pk\": 14, \"path\": \"00010002000200020003\", \"depth\": 5, \"numchild\": 0, \"title\": \"Councillors\", \"draft_title\": \"Councillors\", \"slug\": \"councillors\", \"content_type\": 48, \"live\": true, \"has_unpublished_changes\": false, \"url_path\": \"/cape-agulhas-municipality/my-muni/political-representatives/councillors/\", \"owner\": 1, \"seo_title\": \"\", \"show_in_menus\": false, \"search_description\": \"\", \"go_live_at\": null, \"expire_at\": null, \"expired\": false, \"locked\": false, \"locked_at\": null, \"locked_by\": null, \"first_published_at\": null, \"last_published_at\": null, \"latest_revision_created_at\": null, \"live_revision\": null, \"overview\": \"<p>Guess who the councillors are...</p>\"}",
    "approved_go_live_at": null
  }
},
{
  "model": "wagtailcore.pagerevision",
  "pk": 15,
  "fields": {
    "page": 15,
    "submitted_for_moderation": false,
    "created_at": "2020-10-19T16:27:39.814Z",
    "user": [
      "admin"
    ],
    "content_json": "{\"pk\": 15, \"path\": \"000100020002000200030001\", \"depth\": 6, \"numchild\": 0, \"title\": \"Mr busy guy\", \"draft_title\": \"Mr busy guy\", \"slug\": \"mr-busy-guy\", \"content_type\": 47, \"live\": true, \"has_unpublished_changes\": false, \"url_path\": \"/cape-agulhas-municipality/my-muni/political-representatives/councillors/mr-busy-guy/\", \"owner\": 1, \"seo_title\": \"\", \"show_in_menus\": false, \"search_description\": \"\", \"go_live_at\": null, \"expire_at\": null, \"expired\": false, \"locked\": false, \"locked_at\": null, \"locked_by\": null, \"first_published_at\": null, \"last_published_at\": null, \"latest_revision_created_at\": null, \"live_revision\": null, \"overview\": \"<p>stuff</p>\", \"person_contacts\": [{\"pk\": 1, \"sort_order\": 0, \"page\": 15, \"contact\": 2}], \"councillor_groups\": [12, 13]}",
    "approved_go_live_at": null
  }
},
{
  "model": "wagtailcore.pagerevision",
  "pk": 16,
  "fields": {
    "page": 16,
    "submitted_for_moderation": false,
    "created_at": "2020-10-19T16:28:01.601Z",
    "user": [
      "admin"
    ],
    "content_json": "{\"pk\": 16, \"path\": \"000100020002000200030002\", \"depth\": 6, \"numchild\": 0, \"title\": \"Ms also busy\", \"draft_title\": \"Ms also busy\", \"slug\": \"ms-also-busy\", \"content_type\": 47, \"live\": true, \"has_unpublished_changes\": false, \"url_path\": \"/cape-agulhas-municipality/my-muni/political-representatives/councillors/ms-also-busy/\", \"owner\": 1, \"seo_title\": \"\", \"show_in_menus\": false, \"search_description\": \"\", \"go_live_at\": null, \"expire_at\": null, \"expired\": false, \"locked\": false, \"locked_at\": null, \"locked_by\": null, \"first_published_at\": null, \"last_published_at\": null, \"latest_revision_created_at\": null, \"live_revision\": null, \"overview\": \"<p>more stuff</p>\", \"person_contacts\": [], \"councillor_groups\": [13]}",
    "approved_go_live_at": null
  }
},
{
  "model": "wagtailcore.pagerevision",
  "pk": 17,
  "fields": {
    "page": 15,
    "submitted_for_moderation": false,
    "created_at": "2020-10-22T10:43:08.430Z",
    "user": [
      "admin"
    ],
    "content_json": "{\"pk\": 15, \"path\": \"000100020002000200030001\", \"depth\": 6, \"numchild\": 0, \"title\": \"Mr busy guy\", \"draft_title\": \"Mr busy guy\", \"slug\": \"mr-busy-guy\", \"content_type\": 47, \"live\": true, \"has_unpublished_changes\": false, \"url_path\": \"/cape-agulhas-municipality/my-muni/political-representatives/councillors/mr-busy-guy/\", \"owner\": 1, \"seo_title\": \"\", \"show_in_menus\": false, \"search_description\": \"\", \"go_live_at\": null, \"expire_at\": null, \"expired\": false, \"locked\": false, \"locked_at\": null, \"locked_by\": null, \"first_published_at\": \"2020-10-19T16:27:39.827Z\", \"last_published_at\": \"2020-10-19T16:27:39.827Z\", \"latest_revision_created_at\": \"2020-10-19T16:27:39.814Z\", \"live_revision\": 15, \"overview\": \"<p>stuff</p>\", \"political_party\": 1, \"person_contacts\": [{\"pk\": 1, \"sort_order\": 0, \"page\": 15, \"contact\": 2}], \"councillor_groups\": [12, 13]}",
    "approved_go_live_at": null
  }
},
{
  "model": "wagtailcore.pagerevision",
  "pk": 18,
  "fields": {
    "page": 16,
    "submitted_for_moderation": false,
    "created_at": "2020-10-22T10:43:22.942Z",
    "user": [
      "admin"
    ],
    "content_json": "{\"pk\": 16, \"path\": \"000100020002000200030002\", \"depth\": 6, \"numchild\": 0, \"title\": \"Ms also busy\", \"draft_title\": \"Ms also busy\", \"slug\": \"ms-also-busy\", \"content_type\": 47, \"live\": true, \"has_unpublished_changes\": false, \"url_path\": \"/cape-agulhas-municipality/my-muni/political-representatives/councillors/ms-also-busy/\", \"owner\": 1, \"seo_title\": \"\", \"show_in_menus\": false, \"search_description\": \"\", \"go_live_at\": null, \"expire_at\": null, \"expired\": false, \"locked\": false, \"locked_at\": null, \"locked_by\": null, \"first_published_at\": \"2020-10-19T16:28:01.611Z\", \"last_published_at\": \"2020-10-19T16:28:01.611Z\", \"latest_revision_created_at\": \"2020-10-19T16:28:01.601Z\", \"live_revision\": 16, \"overview\": \"<p>more stuff</p>\", \"political_party\": 2, \"person_contacts\": [], \"councillor_groups\": [13]}",
    "approved_go_live_at": null
  }
},
{
  "model": "wagtailcore.pagerevision",
  "pk": 19,
  "fields": {
    "page": 16,
    "submitted_for_moderation": false,
    "created_at": "2020-10-22T11:45:00.846Z",
    "user": [
      "admin"
    ],
    "content_json": "{\"pk\": 16, \"path\": \"000100020002000200030002\", \"depth\": 6, \"numchild\": 0, \"title\": \"Eloise Brooks\", \"draft_title\": \"Ms also busy\", \"slug\": \"ms-also-busy\", \"content_type\": 47, \"live\": true, \"has_unpublished_changes\": false, \"url_path\": \"/cape-agulhas-municipality/my-muni/political-representatives/councillors/ms-also-busy/\", \"owner\": 1, \"seo_title\": \"\", \"show_in_menus\": false, \"search_description\": \"\", \"go_live_at\": null, \"expire_at\": null, \"expired\": false, \"locked\": false, \"locked_at\": null, \"locked_by\": null, \"first_published_at\": \"2020-10-19T16:28:01.611Z\", \"last_published_at\": \"2020-10-22T10:43:22.954Z\", \"latest_revision_created_at\": \"2020-10-22T10:43:22.942Z\", \"live_revision\": 18, \"job_title\": \"\", \"overview\": \"<p>Lorem ipsum dolor sit amet, consectetur adipiscing elit, sed do eiusmod.</p>\", \"political_party\": 2, \"person_contacts\": [], \"councillor_groups\": [13]}",
    "approved_go_live_at": null
  }
},
{
  "model": "wagtailcore.pagerevision",
  "pk": 20,
  "fields": {
    "page": 16,
    "submitted_for_moderation": false,
    "created_at": "2020-10-22T11:45:33.776Z",
    "user": [
      "admin"
    ],
    "content_json": "{\"pk\": 16, \"path\": \"000100020002000200030002\", \"depth\": 6, \"numchild\": 0, \"title\": \"Eloise Brooks\", \"draft_title\": \"Eloise Brooks\", \"slug\": \"ms-also-busy\", \"content_type\": 47, \"live\": true, \"has_unpublished_changes\": false, \"url_path\": \"/cape-agulhas-municipality/my-muni/political-representatives/councillors/ms-also-busy/\", \"owner\": 1, \"seo_title\": \"\", \"show_in_menus\": false, \"search_description\": \"\", \"go_live_at\": null, \"expire_at\": null, \"expired\": false, \"locked\": false, \"locked_at\": null, \"locked_by\": null, \"first_published_at\": \"2020-10-19T16:28:01.611Z\", \"last_published_at\": \"2020-10-22T11:45:00.862Z\", \"latest_revision_created_at\": \"2020-10-22T11:45:00.846Z\", \"live_revision\": 19, \"job_title\": \"Alderlady\", \"overview\": \"<p>Lorem ipsum dolor sit amet, consectetur adipiscing elit, sed do eiusmod.</p>\", \"political_party\": 2, \"person_contacts\": [], \"councillor_groups\": [13]}",
    "approved_go_live_at": null
  }
},
{
  "model": "wagtailcore.pagerevision",
  "pk": 21,
  "fields": {
    "page": 15,
    "submitted_for_moderation": false,
    "created_at": "2020-10-22T11:47:28.916Z",
    "user": [
      "admin"
    ],
    "content_json": "{\"pk\": 15, \"path\": \"000100020002000200030001\", \"depth\": 6, \"numchild\": 0, \"title\": \"Charles Jennings\", \"draft_title\": \"Mr busy guy\", \"slug\": \"mr-busy-guy\", \"content_type\": 47, \"live\": true, \"has_unpublished_changes\": false, \"url_path\": \"/cape-agulhas-municipality/my-muni/political-representatives/councillors/mr-busy-guy/\", \"owner\": 1, \"seo_title\": \"\", \"show_in_menus\": false, \"search_description\": \"\", \"go_live_at\": null, \"expire_at\": null, \"expired\": false, \"locked\": false, \"locked_at\": null, \"locked_by\": null, \"first_published_at\": \"2020-10-19T16:27:39.827Z\", \"last_published_at\": \"2020-10-22T10:43:08.447Z\", \"latest_revision_created_at\": \"2020-10-22T10:43:08.430Z\", \"live_revision\": 17, \"job_title\": \"Executive Mayor\", \"overview\": \"<p>stuff</p>\", \"political_party\": 1, \"person_contacts\": [{\"pk\": 1, \"sort_order\": 0, \"page\": 15, \"contact\": 2}], \"councillor_groups\": [12, 13]}",
    "approved_go_live_at": null
  }
},
{
  "model": "wagtailcore.pagerevision",
  "pk": 22,
  "fields": {
    "page": 15,
    "submitted_for_moderation": false,
    "created_at": "2020-10-22T11:47:43.272Z",
    "user": [
      "admin"
    ],
    "content_json": "{\"pk\": 15, \"path\": \"000100020002000200030001\", \"depth\": 6, \"numchild\": 0, \"title\": \"Charles Jennings\", \"draft_title\": \"Charles Jennings\", \"slug\": \"mr-busy-guy\", \"content_type\": 47, \"live\": true, \"has_unpublished_changes\": false, \"url_path\": \"/cape-agulhas-municipality/my-muni/political-representatives/councillors/mr-busy-guy/\", \"owner\": 1, \"seo_title\": \"\", \"show_in_menus\": false, \"search_description\": \"\", \"go_live_at\": null, \"expire_at\": null, \"expired\": false, \"locked\": false, \"locked_at\": null, \"locked_by\": null, \"first_published_at\": \"2020-10-19T16:27:39.827Z\", \"last_published_at\": \"2020-10-22T11:47:28.933Z\", \"latest_revision_created_at\": \"2020-10-22T11:47:28.916Z\", \"live_revision\": 21, \"job_title\": \"Executive Mayor\", \"overview\": \"<p>stuff</p>\", \"political_party\": 2, \"person_contacts\": [{\"pk\": 1, \"sort_order\": 0, \"page\": 15, \"contact\": 2}], \"councillor_groups\": [12, 13]}",
    "approved_go_live_at": null
  }
},
{
  "model": "wagtailcore.pagerevision",
  "pk": 23,
  "fields": {
    "page": 16,
    "submitted_for_moderation": false,
    "created_at": "2020-10-22T11:47:56.889Z",
    "user": [
      "admin"
    ],
    "content_json": "{\"pk\": 16, \"path\": \"000100020002000200030002\", \"depth\": 6, \"numchild\": 0, \"title\": \"Eloise Brooks\", \"draft_title\": \"Eloise Brooks\", \"slug\": \"ms-also-busy\", \"content_type\": 47, \"live\": true, \"has_unpublished_changes\": false, \"url_path\": \"/cape-agulhas-municipality/my-muni/political-representatives/councillors/ms-also-busy/\", \"owner\": 1, \"seo_title\": \"\", \"show_in_menus\": false, \"search_description\": \"\", \"go_live_at\": null, \"expire_at\": null, \"expired\": false, \"locked\": false, \"locked_at\": null, \"locked_by\": null, \"first_published_at\": \"2020-10-19T16:28:01.611Z\", \"last_published_at\": \"2020-10-22T11:45:33.791Z\", \"latest_revision_created_at\": \"2020-10-22T11:45:33.776Z\", \"live_revision\": 20, \"job_title\": \"Alderlady\", \"overview\": \"<p>Lorem ipsum dolor sit amet, consectetur adipiscing elit, sed do eiusmod.</p>\", \"political_party\": 1, \"person_contacts\": [], \"councillor_groups\": [13]}",
    "approved_go_live_at": null
  }
},
{
  "model": "wagtailcore.pagerevision",
  "pk": 24,
  "fields": {
    "page": 7,
    "submitted_for_moderation": false,
    "created_at": "2020-10-22T11:54:23.111Z",
    "user": [
      "admin"
    ],
    "content_json": "{\"pk\": 7, \"path\": \"000100020002\", \"depth\": 3, \"numchild\": 2, \"title\": \"My Muni\", \"draft_title\": \"My Muni\", \"slug\": \"my-municipality\", \"content_type\": 42, \"live\": true, \"has_unpublished_changes\": false, \"url_path\": \"/cape-agulhas-municipality/my-muni/\", \"owner\": 1, \"seo_title\": \"\", \"show_in_menus\": false, \"search_description\": \"\", \"go_live_at\": null, \"expire_at\": null, \"expired\": false, \"locked\": false, \"locked_at\": null, \"locked_by\": null, \"first_published_at\": \"2020-10-19T16:11:43.257Z\", \"last_published_at\": \"2020-10-19T16:11:43.257Z\", \"latest_revision_created_at\": \"2020-10-19T16:11:43.246Z\", \"live_revision\": 6}",
    "approved_go_live_at": null
  }
},
{
  "model": "wagtailcore.pagerevision",
  "pk": 26,
  "fields": {
    "page": 15,
    "submitted_for_moderation": false,
    "created_at": "2020-10-22T15:53:45.045Z",
    "user": [
      "admin"
    ],
    "content_json": "{\"pk\": 15, \"path\": \"000100020002000200030001\", \"depth\": 6, \"numchild\": 0, \"title\": \"Charles Jennings\", \"draft_title\": \"Charles Jennings\", \"slug\": \"mr-busy-guy\", \"content_type\": 20, \"live\": true, \"has_unpublished_changes\": false, \"url_path\": \"/cape-agulhas-municipality/my-municipality/political-representatives/councillors/mr-busy-guy/\", \"owner\": 1, \"seo_title\": \"\", \"show_in_menus\": false, \"search_description\": \"\", \"go_live_at\": null, \"expire_at\": null, \"expired\": false, \"locked\": false, \"locked_at\": null, \"locked_by\": null, \"first_published_at\": \"2020-10-19T16:27:39.827Z\", \"last_published_at\": \"2020-10-22T11:47:43.287Z\", \"latest_revision_created_at\": \"2020-10-22T11:47:43.272Z\", \"live_revision\": 22, \"job_title\": \"Executive Mayor\", \"overview\": \"<p>stuff</p>\", \"profile_image\": 4, \"political_party\": 2, \"person_contacts\": [{\"pk\": 1, \"sort_order\": 0, \"page\": 15, \"contact\": 2}], \"councillor_groups\": [12, 13]}",
    "approved_go_live_at": null
  }
},
{
  "model": "wagtailcore.pagerevision",
  "pk": 27,
  "fields": {
    "page": 16,
    "submitted_for_moderation": false,
    "created_at": "2020-10-22T15:54:24.395Z",
    "user": [
      "admin"
    ],
    "content_json": "{\"pk\": 16, \"path\": \"000100020002000200030002\", \"depth\": 6, \"numchild\": 0, \"title\": \"Eloise Brooks\", \"draft_title\": \"Eloise Brooks\", \"slug\": \"ms-also-busy\", \"content_type\": 20, \"live\": true, \"has_unpublished_changes\": false, \"url_path\": \"/cape-agulhas-municipality/my-municipality/political-representatives/councillors/ms-also-busy/\", \"owner\": 1, \"seo_title\": \"\", \"show_in_menus\": false, \"search_description\": \"\", \"go_live_at\": null, \"expire_at\": null, \"expired\": false, \"locked\": false, \"locked_at\": null, \"locked_by\": null, \"first_published_at\": \"2020-10-19T16:28:01.611Z\", \"last_published_at\": \"2020-10-22T11:47:56.906Z\", \"latest_revision_created_at\": \"2020-10-22T11:47:56.889Z\", \"live_revision\": 23, \"job_title\": \"Alderlady\", \"overview\": \"<p>Lorem ipsum dolor sit amet, consectetur adipiscing elit, sed do eiusmod.</p>\", \"profile_image\": 5, \"political_party\": 1, \"person_contacts\": [], \"councillor_groups\": [13]}",
    "approved_go_live_at": null
  }
},
{
  "model": "wagtailcore.collection",
  "pk": 1,
  "fields": {
    "path": "0001",
    "depth": 1,
    "numchild": 0,
    "name": "Root"
  }
},
{
  "model": "wagtailcore.workflowpage",
  "pk": 1,
  "fields": {
    "workflow": 1
  }
},
{
  "model": "wagtailcore.workflowtask",
  "pk": 1,
  "fields": {
    "sort_order": 0,
    "workflow": 1,
    "task": 1
  }
},
{
  "model": "wagtailcore.task",
  "pk": 1,
  "fields": {
    "name": "Moderators approval",
    "content_type": [
      "wagtailcore",
      "groupapprovaltask"
    ],
    "active": true
  }
},
{
  "model": "wagtailcore.workflow",
  "pk": 1,
  "fields": {
    "name": "Moderators approval",
    "active": true
  }
},
{
  "model": "wagtailcore.groupapprovaltask",
  "pk": 1,
  "fields": {
    "groups": [
      [
        "Moderators"
      ]
    ]
  }
},
{
  "model": "core.mymunipage",
  "pk": 7,
  "fields": {}
},
{
  "model": "core.politicalrepsindexpage",
  "pk": 9,
  "fields": {
    "overview": "<p>These are political reps</p>"
  }
},
{
  "model": "core.administrationindexpage",
  "pk": 8,
  "fields": {
    "overview": "<p>This is the amdinistration.</p>"
  }
},
{
  "model": "core.administratorpage",
  "pk": 10,
  "fields": {}
},
{
  "model": "core.administratorpage",
  "pk": 11,
  "fields": {}
},
{
  "model": "core.councillorgrouppage",
  "pk": 12,
  "fields": {
    "overview": "<p>The mayor is cool</p>"
  }
},
{
  "model": "core.councillorgrouppage",
  "pk": 13,
  "fields": {
    "overview": "<p>There is this committee ne</p>"
  }
},
{
  "model": "core.councillorlistpage",
  "pk": 14,
  "fields": {
    "overview": "<p>Guess who the councillors are...</p>"
  }
},
{
  "model": "core.councillorpage",
  "pk": 15,
  "fields": {
    "political_party": 2,
    "councillor_groups": [
      12,
      13
    ]
  }
},
{
  "model": "core.councillorpage",
  "pk": 16,
  "fields": {
    "political_party": 1,
    "councillor_groups": [
      13
    ]
  }
},
{
  "model": "core.personpage",
  "pk": 10,
  "fields": {
    "job_title": "",
    "overview": "<p>Fred is nice</p>",
    "profile_image": null
  }
},
{
  "model": "core.personpage",
  "pk": 11,
  "fields": {
    "job_title": "",
    "overview": "<p>Peteris also nice</p>",
    "profile_image": null
  }
},
{
  "model": "core.personpage",
  "pk": 15,
  "fields": {
    "job_title": "Executive Mayor",
    "overview": "<p>stuff</p>",
    "profile_image": 4
  }
},
{
  "model": "core.personpage",
  "pk": 16,
  "fields": {
    "job_title": "Alderlady",
    "overview": "<p>Lorem ipsum dolor sit amet, consectetur adipiscing elit, sed do eiusmod.</p>",
    "profile_image": 5
  }
},
{
  "model": "core.servicepage",
  "pk": 5,
  "fields": {
    "icon_classes": "fas fa-bolt",
    "overview": "<p>The Department is responsible for all electricity services, including electrical infrastructure development.</p><p>The Municipality provides electrical distribution and reticulation services and street lighting to all towns in its area of jurisdiction except Struisbaai North (part of Struisbaai), Protem, Klipdale, Kassiesbaai (part of Arniston) and Elim.</p>"
  }
},
{
  "model": "core.servicepage",
  "pk": 6,
  "fields": {
    "icon_classes": "fas fa-tint",
    "overview": "<p>Ensuring our residents have access to clean water is our priority. Fresh water is a scarce resource in the Western Cape that is heavily dependent on rainfall. We all have a part to play in conserving water as much as possible.</p>"
  }
},
{
  "model": "core.servicesindexpage",
  "pk": 4,
  "fields": {}
},
{
  "model": "core.homepage",
  "pk": 2,
  "fields": {}
}
]
